{"cameraMode":{"drawMode":0,"name":"Shaded","section":"Shading Mode"},"sceneLighting":true,"audioPlay":false,"sceneViewState":{"m_AlwaysRefresh":false,"showFog":true,"showSkybox":true,"showFlares":true,"showImageEffects":true,"showParticleSystems":true,"showVisualEffectGraphs":true,"m_FxEnabled":true},"in2DMode":false,"pivot":{"x":-3.130692958831787,"y":15.409326553344727,"z":-7.662021636962891},"rotation":{"x":-0.09934953600168228,"y":0.897544264793396,"z":-0.26179808378219607,"w":-0.34060633182525637},"size":0.0017518949462100864,"orthographic":false}