{"cameraMode":{"drawMode":0,"name":"Shaded","section":"Shading Mode"},"sceneLighting":true,"audioPlay":false,"sceneViewState":{"m_AlwaysRefresh":false,"showFog":true,"showSkybox":true,"showFlares":true,"showImageEffects":true,"showParticleSystems":true,"showVisualEffectGraphs":true,"m_FxEnabled":true},"in2DMode":false,"pivot":{"x":-16.396604537963868,"y":12.187278747558594,"z":-0.7017040252685547},"rotation":{"x":-0.10546667128801346,"y":0.8945335745811462,"z":-0.3067096173763275,"w":-0.30759891867637637},"size":3.9021053314208986,"orthographic":false}