{"cameraMode":{"drawMode":0,"name":"Shaded","section":"Shading Mode"},"sceneLighting":true,"audioPlay":false,"sceneViewState":{"m_AlwaysRefresh":false,"showFog":true,"showSkybox":true,"showFlares":true,"showImageEffects":true,"showParticleSystems":true,"showVisualEffectGraphs":true,"m_FxEnabled":true},"in2DMode":false,"pivot":{"x":-10.454980850219727,"y":-2.5591530799865724,"z":-27.18457794189453},"rotation":{"x":0.10780096054077149,"y":0.7452539205551148,"z":-0.12433214485645294,"w":0.6461609601974487},"size":10.916510581970215,"orthographic":false}